en,vi,ja
"Night Courier","Night Courier","ナイトクーリエ"
"Ride","Đạp xe","出発"
"Garage","Xưởng xe","ガレージ"
"Codex","Sổ tay","図鑑"
"Controls","Điều khiển","操作"
"Settings","Cài đặt","設定"
"Music","Nhạc","音楽"
"Sound effects","Hiệu ứng âm thanh","効果音"
"Vibration","Rung","振動"
"Reduce motion","Giảm chuyển động","動きを減らす"
"Done","Xong","完了"
"Close","Đóng","閉じる"
"Back","Quay lại","戻る"
"Best shift","Ca tốt nhất","ベストシフト"
"coins","xu","コイン"
"kills","hạ gục","撃破"
"Lv","Cấp","Lv"
"Max","Tối đa","最大"
"NEW","MỚI","NEW"
"EVOLVE","TIẾN HOÁ","進化"
"Tonight's route","Tuyến đêm nay","今夜のルート"
"Market Street","Phố Chợ","マーケット通り"
"Harbor Ring","Vòng Cảng","ハーバーリング"
"Beat Market Street to open","Thắng Phố Chợ để mở","マーケット通りをクリアで解放"
"Joystick size","Cỡ cần điều khiển","スティックの大きさ"
"Joystick opacity","Độ đậm cần điều khiển","スティックの不透明度"
"Left-handed","Tay trái","左利き"
"Bike parts","Phụ tùng xe","バイクパーツ"
"Evolutions","Tiến hoá","進化"
"Sturdier frame: +10 HP","Khung chắc hơn: +10 HP","頑丈なフレーム：HP+10"
"Courier app: +10% XP","Ứng dụng giao hàng: +10% XP","配達アプリ：経験値+10%"
"Better gears: +0.2 cruise","Líp tốt hơn: +0.2 tốc độ thường","高性能ギア：巡航速度+0.2"
"Spare map: 1 card reroll a ride","Bản đồ dự phòng: đổi thẻ 1 lần mỗi chuyến","予備の地図：1回の走行で1回引き直し"
"Fixie","Fixie","フィクシー"
"Racer","Xe đua","レーサー"
"Cargo","Xe chở hàng","カーゴ"
"Fixie: balanced","Fixie: cân bằng","フィクシー：バランス型"
"Racer: faster, fragile","Xe đua: nhanh hơn, mỏng manh","レーサー：速いが脆い"
"Cargo: tanky, slow to turn","Xe chở hàng: trâu, ôm cua chậm","カーゴ：頑丈だが曲がりにくい"
"SPEED","TỐC ĐỘ","スピード"
"Drag to steer. You can't stop — keep moving!","Kéo để lái. Không được dừng — cứ đạp tiếp!","ドラッグで操作。止まれない — 走り続けろ！"
"Paused","Tạm dừng","一時停止"
"Resume","Tiếp tục","再開"
"Home","Về","ホーム"
"Ride again","Đạp tiếp","もう一度"
"Shift over","Hết ca","シフト終了"
"Delivered!","Đã giao!","配達完了！"
"Survived","Sống sót","生存"
"Best","Kỷ lục","ベスト"
"New best!","Kỷ lục mới!","自己ベスト更新！"
"Level up!","Lên cấp!","レベルアップ！"
"Reroll","Đổi thẻ","引き直し"
"Evolved: double damage, wider reach.","Tiến hoá: sát thương gấp đôi, tầm rộng hơn.","進化：ダメージ2倍、範囲拡大。"
"Headlight","Đèn pha","ヘッドライト"
"Spoke Cards","Thẻ nan hoa","スポークカード"
"Bell","Chuông","ベル"
"Chain Whip","Roi xích","チェーンウィップ"
"Tyre Spikes","Đinh lốp","タイヤスパイク"
"Pannier Drone","Drone túi hông","パニアドローン"
"Big Basket","Giỏ lớn","ビッグバスケット"
"Gear Ratio","Tỷ số líp","ギア比"
"Helmet","Mũ bảo hiểm","ヘルメット"
"Lighter Frame","Khung nhẹ","軽量フレーム"
"Better Brakes","Phanh xịn","高性能ブレーキ"
"Energy Gel","Gel năng lượng","エナジージェル"
"High Beam","Đèn pha xa","ハイビーム"
"Thunder Bell","Chuông sấm","サンダーベル"
"Wheel of Blades","Bánh xe lưỡi dao","ブレードホイール"
"Burning Trail","Vệt lửa","バーニングトレイル"
"Burns drones ahead. Wider and hotter.","Đốt drone phía trước. Rộng hơn, nóng hơn.","前方のドローンを焼く。より広く、より熱く。"
"Blades orbit the bike. One more blade.","Lưỡi dao xoay quanh xe. Thêm một lưỡi.","刃がバイクの周りを回る。刃が1枚増える。"
"A shockwave that knocks drones back.","Sóng xung kích hất lùi drone.","衝撃波でドローンを吹き飛ばす。"
"Lashes the side you turn toward.","Quất về phía bạn đang rẽ.","曲がる方向をなぎ払う。"
"Leaves a burning trail. Longer at speed.","Để lại vệt cháy. Càng nhanh càng dài.","燃える軌跡を残す。速いほど長い。"
"Your own drone fires homing shots.","Drone của bạn bắn đạn tự dẫn.","自分のドローンが追尾弾を撃つ。"
"Pulls parcels in from 25% further.","Hút gói hàng từ xa hơn 25%.","25%遠くから荷物を引き寄せる。"
"Weapons recharge 8% faster.","Vũ khí hồi nhanh hơn 8%.","武器のリチャージが8%速くなる。"
"Drone hits hurt 8% less.","Va chạm drone đau ít hơn 8%.","ドローンからのダメージ8%軽減。"
"6% faster top and cruise speed.","Tốc độ tối đa và tốc độ thường nhanh hơn 6%.","最高速度と巡航速度が6%アップ。"
"Keep the speed bonus while braking.","Giữ thưởng tốc độ khi phanh.","ブレーキ中もスピードボーナスを維持。"
"Regain 0.4 HP a second.","Hồi 0.4 HP mỗi giây.","毎秒HPを0.4回復。"
"Dispatch: Kai, the Swarm is out tonight. Keep those wheels turning.","Tổng đài: Kai, đêm nay bầy drone tràn ra phố. Đừng ngừng đạp.","配車係：カイ、今夜はスウォームが出てる。ペダルを止めるな。"
"Dispatch: They're circling you. Break out!","Tổng đài: Chúng đang vây quanh. Thoát ra!","配車係：囲まれてるぞ。突破しろ！"
"Dispatch: Big wave coming from one side. Cut across it, not into it.","Tổng đài: Một đợt lớn đang tới từ một phía. Cắt ngang, đừng lao vào.","配車係：片側から大群が来るぞ。正面じゃなく横切れ。"
"Dispatch: Three heavy drones on your line. Draft them!","Tổng đài: Ba drone lớn trên đường. Bám đuôi chúng!","配車係：進路に大型ドローンが3機。スリップストリームに乗れ！"
"Dispatch: That's the Dispatcher. Take it down and you're home by dawn!","Tổng đài: Đó là Dispatcher. Hạ nó là kịp về trước bình minh!","配車係：あれがディスパッチャーだ。倒せば夜明けまでに帰れる！"
"Dispatch: The Freight Hauler! When it charges, get behind it and ride its slipstream.","Tổng đài: Freight Hauler! Khi nó lao, hãy bám sau đuôi nó mà đạp.","配車係：フレイトハウラーだ！突進したら後ろについてスリップストリームに乗れ。"
"Dispatch: Package delivered. Good ride, Kai.","Tổng đài: Đã giao hàng. Chạy tốt lắm, Kai.","配車係：配達完了。いい走りだった、カイ。"
"Tip: pick a card to upgrade your bike. Parts you own come up more often.","Mẹo: chọn một thẻ để nâng cấp xe. Món bạn đã có sẽ hay xuất hiện hơn.","ヒント：カードを選んでバイクを強化。持っているパーツほど出やすい。"
"Tip: ride right behind the big drone to draft for a speed burst!","Mẹo: bám ngay sau drone lớn để được tăng tốc!","ヒント：大型ドローンのすぐ後ろにつくと加速できる！"
